GeneSymbol,Control_1,Control_2,Control_3,Control_4,Control_5,Control_6,Control_7,Control_8,Control_9,Control_10,Clogging_1,Clogging_2,Clogging_3,Clogging_4,Clogging_5,Clogging_6,Clogging_7,Clogging_8,Clogging_9,Clogging_10
STAT3,520,488,515,530,495,505,510,525,480,512,1550,1610,1580,1620,1595,1570,1600,1560,1630,1585
SELE,310,290,305,315,295,300,302,318,288,308,950,980,960,990,975,955,985,940,995,970
CXCL8,850,830,845,860,820,835,840,865,810,855,2500,2550,2520,2580,2530,2510,2560,2490,2590,2540
IL6,150,140,148,155,138,142,145,158,135,152,480,510,490,520,500,470,515,460,530,495
ICAM1,420,400,415,425,395,405,410,430,390,418,1250,1280,1260,1290,1275,1255,1285,1240,1295,1270
VCAM1,250,230,245,255,225,235,240,260,220,248,750,780,760,790,775,755,785,740,795,770
NFKB1,680,650,670,690,640,660,665,700,630,675,2000,2050,2020,2080,2030,2010,2060,1990,2090,2040
RELA,550,530,545,560,520,535,540,565,510,555,1600,1650,1620,1680,1630,1610,1660,1590,1690,1640
SOCS3,180,170,178,185,168,172,175,188,165,182,550,580,560,590,575,555,585,540,595,570
CCL2,90,85,88,92,83,86,87,94,82,91,280,310,290,320,300,270,315,260,330,295
MYC,1200,1150,1180,1220,1130,1160,1170,1240,1120,1190,450,430,440,460,420,435,425,470,410,445
CDKN1A,800,780,790,810,770,785,775,820,760,805,250,230,240,260,220,235,225,270,210,245
GADD45A,550,530,540,560,520,535,525,570,510,555,180,160,170,190,150,165,155,200,140,175
TP53,950,920,940,960,910,930,935,970,900,955,300,280,290,310,270,285,275,320,260,295
HIF1A,600,580,590,610,570,585,575,620,560,605,1800,1850,1820,1880,1830,1810,1860,1790,1890,1840
VEGFA,400,380,390,410,370,385,375,420,360,405,1200,1250,1220,1280,1230,1210,1260,1190,1290,1240
GENE_101,150,155,148,152,151,149,153,156,147,154,155,149,152,150,153,148,156,151,147,155
GENE_102,23,25,22,24,26,21,27,20,28,29,24,23,25,22,26,21,28,20,29,27
GENE_103,345,350,340,355,335,360,330,365,325,370,350,345,355,340,360,335,365,330,370,325
GENE_104,88,85,90,83,92,81,94,79,96,77,87,89,84,91,82,93,80,95,78,97
GENE_105,512,500,520,490,530,480,540,470,550,460,510,515,505,525,495,535,485,545,475,555
GENE_106,78,75,80,73,82,71,84,69,86,67,77,79,74,81,72,83,70,85,68,87
GENE_107,9,10,8,11,7,12,6,13,5,14,10,9,11,8,12,7,13,6,14,5
GENE_108,1234,1200,1250,1180,1270,1160,1290,1140,1310,1120,1230,1240,1220,1250,1210,1260,1200,1270,1190,1280
GENE_109,65,68,63,70,61,72,59,74,57,76,66,67,64,69,62,71,60,73,58,75
GENE_110,432,440,425,445,420,450,415,455,410,460,430,435,428,442,422,448,418,452,412,458
GENE_111,2,3,1,4,0,5,2,3,1,4,3,2,4,1,5,0,4,1,5,2
GENE_112,890,900,880,910,870,920,860,930,850,940,888,895,875,905,865,915,855,925,845,935
GENE_113,201,205,198,208,195,211,192,214,189,217,200,203,197,206,194,209,191,212,188,215
GENE_114,77,76,78,75,79,74,80,73,81,72,76,77,75,78,74,79,73,80,72,81
GENE_115,333,330,336,327,339,324,342,321,345,318,332,334,329,337,326,340,323,343,320,346
GENE_116,42,45,40,48,38,50,36,52,34,54,43,44,41,47,39,49,37,51,35,53
GENE_117,1,0,2,1,3,0,4,1,5,0,1,2,0,3,1,4,0,5,1,2
GENE_118,600,605,595,610,590,615,585,620,580,625,601,603,598,607,593,612,588,617,583,622
GENE_119,99,100,98,101,97,102,96,103,95,104,99,100,98,101,97,102,96,103,95,104
GENE_120,801,800,802,799,803,798,804,797,805,796,801,800,802,799,803,798,804,797,805,796
GENE_121,50,48,52,46,54,44,56,42,58,40,51,49,53,47,55,45,57,43,59,41
GENE_122,250,255,245,260,240,265,235,270,230,275,251,253,248,257,243,262,238,267,233,272
GENE_123,7,8,6,9,5,10,4,11,3,12,7,8,6,9,5,10,4,11,3,12
GENE_124,300,295,305,290,310,285,315,280,320,275,301,298,303,293,308,288,313,283,318,278
GENE_125,10,12,8,14,6,16,4,18,2,20,11,13,9,15,7,17,5,19,3,21
GENE_126,901,902,900,903,899,904,898,905,897,906,901,902,900,903,899,904,898,905,897,906
GENE_127,15,14,16,13,17,12,18,11,19,10,15,14,16,13,17,12,18,11,19,10
GENE_128,450,455,445,460,440,465,435,470,430,475,451,453,448,457,443,462,438,467,433,472
GENE_129,5,6,4,7,3,8,2,9,1,10,5,6,4,7,3,8,2,9,1,10
GENE_130,200,195,205,190,210,185,215,180,220,175,201,198,203,193,208,188,213,183,218,178
GENE_131,88,89,87,90,86,91,85,92,84,93,88,89,87,90,86,91,85,92,84,93
GENE_132,30,32,28,34,26,36,24,38,22,40,31,33,29,35,27,37,25,39,23,41
GENE_133,700,705,695,710,690,715,685,720,680,725,701,703,698,707,693,712,688,717,683,722
GENE_134,101,102,100,103,99,104,98,105,97,106,101,102,100,103,99,104,98,105,97,106
GENE_135,25,24,26,23,27,22,28,21,29,20,25,24,26,23,27,22,28,21,29,20
GENE_136,150,151,149,152,148,153,147,154,146,155,150,151,149,152,148,153,147,154,146,155
GENE_137,400,395,405,390,410,385,415,380,420,375,401,398,403,393,408,388,413,383,418,378
GENE_138,500,505,495,510,490,515,485,520,480,525,501,503,498,507,493,512,488,517,483,522
GENE_139,60,61,59,62,58,63,57,64,56,65,60,61,59,62,58,63,57,64,56,65
GENE_140,70,69,71,68,72,67,73,66,74,65,70,69,71,68,72,67,73,66,74,65
GENE_141,80,81,79,82,78,83,77,84,76,85,80,81,79,82,78,83,77,84,76,85
GENE_142,90,91,89,92,88,93,87,94,86,95,90,91,89,92,88,93,87,94,86,95
GENE_143,110,111,109,112,108,113,107,114,106,115,110,111,109,112,108,113,107,114,106,115
GENE_144,120,121,119,122,118,123,117,124,116,125,120,121,119,122,118,123,117,124,116,125
GENE_145,130,131,129,132,128,133,127,134,126,135,130,131,129,132,128,133,127,134,126,135
GENE_146,140,141,139,142,138,143,137,144,136,145,140,141,139,142,138,143,137,144,136,145
GENE_147,160,161,159,162,158,163,157,164,156,165,160,161,159,162,158,163,157,164,156,165
GENE_148,170,171,169,172,168,173,167,174,166,175,170,171,169,172,168,173,167,174,166,175
GENE_149,180,181,179,182,178,183,177,184,176,185,180,181,179,182,178,183,177,184,176,185
GENE_150,190,191,189,192,188,193,187,194,186,195,190,191,189,192,188,193,187,194,186,195
GENE_151,210,211,209,212,208,213,207,214,206,215,210,211,209,212,208,213,207,214,206,215
GENE_152,220,221,219,222,218,223,217,224,216,225,220,221,219,222,218,223,217,224,216,225
GENE_153,230,231,229,232,228,233,227,234,226,235,230,231,229,232,228,233,227,234,226,235
GENE_154,240,241,239,242,238,243,237,244,236,245,240,241,239,242,238,243,237,244,236,245
GENE_155,260,261,259,262,258,263,257,264,256,265,260,261,259,262,258,263,257,264,256,265
GENE_156,270,271,269,272,268,273,267,274,266,275,270,271,269,272,268,273,267,274,266,275
GENE_157,280,281,279,282,278,283,277,284,276,285,280,281,279,282,278,283,277,284,276,285
GENE_158,290,291,289,292,288,293,287,294,286,295,290,291,289,292,288,293,287,294,286,295
GENE_159,310,311,309,312,308,313,307,314,306,315,310,311,309,312,308,313,307,314,306,315
GENE_160,320,321,319,322,318,323,317,324,316,325,320,321,319,322,318,323,317,324,316,325
GENE_161,330,331,329,332,328,333,327,334,326,335,330,331,329,332,328,333,327,334,326,335
GENE_162,340,341,339,342,338,343,337,344,336,345,340,341,339,342,338,343,337,344,336,345
GENE_163,360,361,359,362,358,363,357,364,356,365,360,361,359,362,358,363,357,364,356,365
GENE_164,370,371,369,372,368,373,367,374,366,375,370,371,369,372,368,373,367,374,366,375
GENE_165,380,381,379,382,378,383,377,384,376,385,380,381,379,382,378,383,377,384,376,385
GENE_166,390,391,389,392,388,393,387,394,386,395,390,391,389,392,388,393,387,394,386,395
GENE_167,410,411,409,412,408,413,407,414,406,415,410,411,409,412,408,413,407,414,406,415
GENE_168,420,421,419,422,418,423,417,424,416,425,420,421,419,422,418,423,417,424,416,425
GENE_169,430,431,429,432,428,433,427,434,426,435,430,431,429,432,428,433,427,434,426,435
GENE_170,440,441,439,442,438,443,437,444,436,445,440,441,439,442,438,443,437,444,436,445
GENE_171,460,461,459,462,458,463,457,464,456,465,460,461,459,462,458,463,457,464,456,465
GENE_172,470,471,469,472,468,473,467,474,466,475,470,471,469,472,468,473,467,474,466,475
GENE_173,480,481,479,482,478,483,477,484,476,485,480,481,479,482,478,483,477,484,476,485
GENE_174,490,491,489,492,488,493,487,494,486,495,490,491,489,492,488,493,487,494,486,495
GENE_175,510,511,509,512,508,513,507,514,506,515,510,511,509,512,508,513,507,514,506,515
GENE_176,520,521,519,522,518,523,517,524,516,525,520,521,519,522,518,523,517,524,516,525
GENE_177,530,531,529,532,528,533,527,534,526,535,530,531,529,532,528,533,527,534,526,535
GENE_178,540,541,539,542,538,543,537,544,536,545,540,541,539,542,538,543,537,544,536,545
GENE_179,560,561,559,562,558,563,557,564,556,565,560,561,559,562,558,563,557,564,556,565
GENE_180,570,571,569,572,568,573,567,574,566,575,570,571,569,572,568,573,567,574,566,575
GENE_181,580,581,579,582,578,583,577,584,576,585,580,581,579,582,578,583,577,584,576,585
GENE_182,590,591,589,592,588,593,587,594,586,595,590,591,589,592,588,593,587,594,586,595
GENE_183,610,611,609,612,608,613,607,614,606,615,610,611,609,612,608,613,607,614,606,615
GENE_184,620,621,619,622,618,623,617,624,616,625,620,621,619,622,618,623,617,624,616,625
GENE_185,630,631,629,632,628,633,627,634,626,635,630,631,629,632,628,633,627,634,626,635
GENE_186,640,641,639,642,638,643,637,644,636,645,640,641,639,642,638,643,637,644,636,645
GENE_187,660,661,659,662,658,663,657,664,656,665,660,661,659,662,658,663,657,664,656,665
GENE_188,670,671,669,672,668,673,667,674,666,675,670,671,669,672,668,673,667,674,666,675
GENE_189,680,681,679,682,678,683,677,684,676,685,680,681,679,682,678,683,677,684,676,685
GENE_190,690,691,689,692,688,693,687,694,686,695,690,691,689,692,688,693,687,694,686,695
GENE_191,710,711,709,712,708,713,707,714,706,715,710,711,709,712,708,713,707,714,706,715
GENE_192,720,721,719,722,718,723,717,724,716,725,720,721,719,722,718,723,717,724,716,725
GENE_193,730,731,729,732,728,733,727,734,726,735,730,731,729,732,728,733,727,734,726,735
GENE_194,740,741,739,742,738,743,737,744,736,745,740,741,739,742,738,743,737,744,736,745
GENE_195,760,761,759,762,758,763,757,764,756,765,760,761,759,762,758,763,757,764,756,765
GENE_196,770,771,769,772,768,773,767,774,766,775,770,771,769,772,768,773,767,774,766,775
GENE_197,780,781,779,782,778,783,777,784,776,785,780,781,779,782,778,783,777,784,776,785
GENE_198,790,791,789,792,788,793,787,794,786,795,790,791,789,792,788,793,787,794,786,795
GENE_199,810,811,809,812,808,813,807,814,806,815,810,811,809,812,808,813,807,814,806,815
GENE_200,820,821,819,822,818,823,817,824,816,825,820,821,819,822,818,823,817,824,816,825
... (980 more rows of similar random data)